{
  "budget_gib": 20.0,
  "budget_semantics": "device",
  "planned_budget_gib": 14.418354729190469,
  "actual_device_peak_gib": 19.606031894683838,
  "envelope_ok": true,
  "fixed_overhead_gib": 1.47259521484375,
  "torch_scratch_peak_gib": 3.484375,
  "device_envelope_gib": 20,
  "scratch_reserve_gib": 3.7548828125,
  "placement_mode": "static",
  "extent_budget": false,
  "sim_ms_per_step": 9219.428971679688,
  "real_ms_per_step_steady": 8000.156494140625,
  "sim_tokens_per_s": 7108.466283683511,
  "real_tokens_per_s": 8191.839753134711,
  "wall_tokens_per_s": 8174.854016754504,
  "real_vs_sim_pct": 15.240607836010023,
  "replay_fidelity_gap_pct": 1.2980166260415522,
  "losses": [
    NaN,
    NaN,
    NaN
  ],
  "peak_fast_gib": 14.405893564224243,
  "peak_backing_gib": 104.58013463392854,
  "pinned_host_gib": 105.95196080952883,
  "step_makespans_ms": [
    8804.5146484375,
    8032.859375,
    7967.45361328125
  ],
  "step_wall_s": [
    14.288366029970348,
    8.049300870858133,
    7.9842576161026955
  ],
  "step_slab_overflows": [
    0,
    0,
    0
  ],
  "placement_extent_gib": 14.649061679840088,
  "placement_escapes": 0,
  "pressure_evictions": 0,
  "placement_overhead": 1.0168797662242717,
  "recompute_chosen": 25,
  "family": "dsv32-mini",
  "config": "dsv32-mini-s4k-bs8ga2",
  "source_summary": "/home/shein/Documents/grad_school/research/dataflow/artifacts/bench/bench-dsv32-mini-s4k-bs8ga2-20dev-rc.summary.json",
  "generated_by": "tools/bench_campaign.py"
}
