{
  "config": "8b-s1k-bs16ga4",
  "steps": 3,
  "pcie": {
    "uni_h2d": 35602,
    "uni_d2h": 56685,
    "bidi_h2d": 24766,
    "bidi_d2h": 25073
  },
  "kernel_set": {
    "adamw_step": "triton",
    "ce_loss_fwd_bwd": "triton",
    "rmsnorm_apply": "triton",
    "rmsnorm_bwd": "triton",
    "rmsnorm_fwd": "triton",
    "rmsnorm_noweight": "triton",
    "rope_bwd": "triton",
    "rope_fwd": "triton",
    "swiglu_bwd": "triton",
    "swiglu_fwd_out": "triton"
  },
  "sweep": [
    {
      "budget_gib": 24.25,
      "planned_budget_gib": 24.25,
      "placement_mode": "static",
      "extent_budget": false,
      "sim_ms_per_step": 19806.86290625,
      "real_ms_per_step_steady": 20861.06640625,
      "sim_tokens_per_s": 3308.752138599409,
      "real_tokens_per_s": 3141.5460132165313,
      "real_vs_sim_pct": -5.0534497109129495,
      "replay_fidelity_gap_pct": 0.5167670004445388,
      "losses": [
        12.575310707092285,
        12.579896926879883,
        12.56631088256836
      ],
      "peak_fast_gib": 24.227325439453125,
      "peak_backing_gib": 79.97862244397402,
      "pinned_host_gib": 146.873046875,
      "step_makespans_ms": [
        21128.486328125,
        20802.658203125,
        20919.474609375
      ],
      "step_wall_s": [
        40.86302564200014,
        21.226080134976655,
        21.345175381051376
      ],
      "step_slab_overflows": [
        0,
        0,
        0
      ],
      "placement_extent_gib": 26.395736694335938,
      "placement_escapes": 0,
      "placement_overhead": 1.0895027088442726,
      "recompute_chosen": 64
    }
  ]
}
