{
  "config": "8b-s1k-bs8ga8",
  "steps": 3,
  "pcie": {
    "uni_h2d": 35338,
    "uni_d2h": 56756,
    "bidi_h2d": 25529,
    "bidi_d2h": 25783
  },
  "kernel_set": {
    "adamw_step": "triton",
    "ce_loss_fwd_bwd": "triton",
    "rmsnorm_apply": "triton",
    "rmsnorm_bwd": "triton",
    "rmsnorm_fwd": "triton",
    "rmsnorm_noweight": "triton",
    "rope_bwd": "triton",
    "rope_fwd": "triton",
    "swiglu_bwd": "triton",
    "swiglu_fwd_out": "triton"
  },
  "sweep": [
    {
      "budget_gib": 23.25,
      "planned_budget_gib": 23.25,
      "placement_mode": "static",
      "extent_budget": false,
      "sim_ms_per_step": 20133.734328125,
      "real_ms_per_step_steady": 20925.861328125,
      "sim_tokens_per_s": 3255.0345073567473,
      "real_tokens_per_s": 3131.8185174016044,
      "real_vs_sim_pct": -3.7853973491421056,
      "replay_fidelity_gap_pct": 0.8611390956612865,
      "losses": [
        12.585172653198242,
        12.567407608032227,
        12.58044719696045
      ],
      "peak_fast_gib": 23.229629520326853,
      "peak_backing_gib": 67.8752594254911,
      "pinned_host_gib": 146.873046875,
      "step_makespans_ms": [
        21286.58203125,
        20881.880859375,
        20969.841796875
      ],
      "step_wall_s": [
        41.019753287080675,
        21.3093507590238,
        21.398762054974213
      ],
      "step_slab_overflows": [
        0,
        0,
        0
      ],
      "placement_extent_gib": 26.103759765625,
      "placement_escapes": 0,
      "placement_overhead": 1.1237269084633128,
      "recompute_chosen": 109
    }
  ]
}
