{
 "config": "8b-s1k-bs8ga8",
 "free_recompute": false,
 "budgets": {
  "12": [
   {
    "num_steps": 1,
    "makespan_us": 18698269.216888428,
    "step_durations_us": {
     "0": 18698269.216888428
    },
    "interior_periodic": null,
    "first_interior_diff": null,
    "seams": {},
    "budget_gib": 12.0,
    "planning_s": 4.339846843038686,
    "recompute_per_step": 128
   },
   {
    "num_steps": 2,
    "makespan_us": 37749440.38809967,
    "step_durations_us": {
     "0": 18688983.886810303,
     "1": 19060456.501289368
    },
    "interior_periodic": null,
    "first_interior_diff": null,
    "seams": {
     "0": {
      "resident_fast_objects": [
       "W_0",
       "W_1",
       "W_10",
       "W_11",
       "W_12",
       "W_13",
       "W_14",
       "W_15",
       "W_16",
       "W_17",
       "W_18",
       "W_2",
       "W_3",
       "W_4",
       "W_5",
       "W_6",
       "W_7",
       "W_8",
       "W_9",
       "W_embed",
       "tokens_1_0"
      ],
      "resident_fast_gib": 8.697586059570312,
      "resident_global_gib": 8.697555541992188,
      "inflight": [],
      "inflight_gib": 0.0,
      "cross_seam_prefetch_gib": 3.0517578125e-05
     }
    },
    "budget_gib": 12.0,
    "planning_s": 1.0387372059049085,
    "recompute_per_step": 128,
    "marginal_step_us": 19051171.171211243,
    "replay_regret_us": -362187.28440093994
   },
   {
    "num_steps": 3,
    "makespan_us": 56877284.46556091,
    "step_durations_us": {
     "0": 18688983.886810303,
     "1": 19127462.473945618,
     "2": 19060838.104804993
    },
    "interior_periodic": null,
    "first_interior_diff": null,
    "seams": {
     "0": {
      "resident_fast_objects": [
       "W_0",
       "W_1",
       "W_10",
       "W_11",
       "W_12",
       "W_13",
       "W_14",
       "W_15",
       "W_16",
       "W_17",
       "W_18",
       "W_2",
       "W_3",
       "W_4",
       "W_5",
       "W_6",
       "W_7",
       "W_8",
       "W_9",
       "W_embed",
       "tokens_1_0"
      ],
      "resident_fast_gib": 8.697586059570312,
      "resident_global_gib": 8.697555541992188,
      "inflight": [],
      "inflight_gib": 0.0,
      "cross_seam_prefetch_gib": 3.0517578125e-05
     },
     "1": {
      "resident_fast_objects": [
       "W_0",
       "W_1",
       "W_10",
       "W_11",
       "W_12",
       "W_13",
       "W_14",
       "W_15",
       "W_16",
       "W_17",
       "W_18",
       "W_2",
       "W_3",
       "W_4",
       "W_5",
       "W_6",
       "W_7",
       "W_8",
       "W_9",
       "W_embed",
       "tokens_2_0"
      ],
      "resident_fast_gib": 8.697586059570312,
      "resident_global_gib": 8.697555541992188,
      "inflight": [],
      "inflight_gib": 0.0,
      "cross_seam_prefetch_gib": 3.0517578125e-05
     }
    },
    "budget_gib": 12.0,
    "planning_s": 1.790836822008714,
    "recompute_per_step": 128,
    "marginal_step_us": 19127844.077461243,
    "replay_regret_us": -429193.25705718994
   },
   {
    "num_steps": 4,
    "makespan_us": 76007349.93950653,
    "step_durations_us": {
     "0": 18688983.886810303,
     "1": 19127462.473945618,
     "2": 19127462.473945618,
     "3": 19063441.104804993
    },
    "interior_periodic": true,
    "first_interior_diff": null,
    "seams": {
     "0": {
      "resident_fast_objects": [
       "W_0",
       "W_1",
       "W_10",
       "W_11",
       "W_12",
       "W_13",
       "W_14",
       "W_15",
       "W_16",
       "W_17",
       "W_18",
       "W_2",
       "W_3",
       "W_4",
       "W_5",
       "W_6",
       "W_7",
       "W_8",
       "W_9",
       "W_embed",
       "tokens_1_0"
      ],
      "resident_fast_gib": 8.697586059570312,
      "resident_global_gib": 8.697555541992188,
      "inflight": [],
      "inflight_gib": 0.0,
      "cross_seam_prefetch_gib": 3.0517578125e-05
     },
     "1": {
      "resident_fast_objects": [
       "W_0",
       "W_1",
       "W_10",
       "W_11",
       "W_12",
       "W_13",
       "W_14",
       "W_15",
       "W_16",
       "W_17",
       "W_18",
       "W_2",
       "W_3",
       "W_4",
       "W_5",
       "W_6",
       "W_7",
       "W_8",
       "W_9",
       "W_embed",
       "tokens_2_0"
      ],
      "resident_fast_gib": 8.697586059570312,
      "resident_global_gib": 8.697555541992188,
      "inflight": [],
      "inflight_gib": 0.0,
      "cross_seam_prefetch_gib": 3.0517578125e-05
     },
     "2": {
      "resident_fast_objects": [
       "W_0",
       "W_1",
       "W_10",
       "W_11",
       "W_12",
       "W_13",
       "W_14",
       "W_15",
       "W_16",
       "W_17",
       "W_18",
       "W_2",
       "W_3",
       "W_4",
       "W_5",
       "W_6",
       "W_7",
       "W_8",
       "W_9",
       "W_embed",
       "tokens_3_0"
      ],
      "resident_fast_gib": 8.697586059570312,
      "resident_global_gib": 8.697555541992188,
      "inflight": [],
      "inflight_gib": 0.0,
      "cross_seam_prefetch_gib": 3.0517578125e-05
     }
    },
    "budget_gib": 12.0,
    "planning_s": 2.793532166047953,
    "recompute_per_step": 128,
    "marginal_step_us": 19130065.473945618,
    "replay_regret_us": -429193.25705718994
   }
  ],
  "16": [
   {
    "num_steps": 1,
    "makespan_us": 18487044.378997803,
    "step_durations_us": {
     "0": 18487044.378997803
    },
    "interior_periodic": null,
    "first_interior_diff": null,
    "seams": {},
    "budget_gib": 16.0,
    "planning_s": 4.552203730097972,
    "recompute_per_step": 128
   },
   {
    "num_steps": 2,
    "makespan_us": 37075125.36930084,
    "step_durations_us": {
     "0": 18508687.545013428,
     "1": 18566437.824287415
    },
    "interior_periodic": null,
    "first_interior_diff": null,
    "seams": {
     "0": {
      "resident_fast_objects": [
       "W_0",
       "W_1",
       "W_10",
       "W_11",
       "W_12",
       "W_13",
       "W_14",
       "W_15",
       "W_16",
       "W_17",
       "W_18",
       "W_19",
       "W_2",
       "W_20",
       "W_21",
       "W_22",
       "W_23",
       "W_24",
       "W_25",
       "W_26",
       "W_27",
       "W_28",
       "W_3",
       "W_4",
       "W_5",
       "W_6",
       "W_7",
       "W_8",
       "W_9",
       "W_embed",
       "tokens_1_0"
      ],
      "resident_fast_gib": 12.760238647460938,
      "resident_global_gib": 12.760208129882812,
      "inflight": [],
      "inflight_gib": 0.0,
      "cross_seam_prefetch_gib": 3.0517578125e-05
     }
    },
    "budget_gib": 16.0,
    "planning_s": 0.9446495089214295,
    "recompute_per_step": 128,
    "marginal_step_us": 18588080.99030304,
    "replay_regret_us": -79393.44528961182
   },
   {
    "num_steps": 3,
    "makespan_us": 55651325.02757263,
    "step_durations_us": {
     "0": 18508687.545013428,
     "1": 18573596.65827179,
     "2": 18569040.824287415
    },
    "interior_periodic": null,
    "first_interior_diff": null,
    "seams": {
     "0": {
      "resident_fast_objects": [
       "W_0",
       "W_1",
       "W_10",
       "W_11",
       "W_12",
       "W_13",
       "W_14",
       "W_15",
       "W_16",
       "W_17",
       "W_18",
       "W_19",
       "W_2",
       "W_20",
       "W_21",
       "W_22",
       "W_23",
       "W_24",
       "W_25",
       "W_26",
       "W_27",
       "W_28",
       "W_3",
       "W_4",
       "W_5",
       "W_6",
       "W_7",
       "W_8",
       "W_9",
       "W_embed",
       "tokens_1_0"
      ],
      "resident_fast_gib": 12.760238647460938,
      "resident_global_gib": 12.760208129882812,
      "inflight": [],
      "inflight_gib": 0.0,
      "cross_seam_prefetch_gib": 3.0517578125e-05
     },