{
  "config": "8b-ga16",
  "steps": 3,
  "pcie": {
    "uni_h2d": 36246,
    "uni_d2h": 56625,
    "bidi_h2d": 24915,
    "bidi_d2h": 25184
  },
  "sweep": [
    {
      "budget_gib": 16.0,
      "planned_budget_gib": 16.0,
      "placement_mode": "static",
      "extent_budget": false,
      "sim_ms_per_step": 30730.45336621094,
      "real_ms_per_step_steady": 29554.3056640625,
      "sim_tokens_per_s": 2132.6076520582287,
      "real_tokens_per_s": 2217.4772347871663,
      "real_vs_sim_pct": 3.9796154087240465,
      "replay_fidelity_gap_pct": 3.4772190761438706,
      "losses": [
        12.543389320373535,
        12.60134220123291,
        12.558892250061035
      ],
      "peak_fast_gib": 15.981094360351562,
      "step_makespans_ms": [
        29114.1796875,
        29377.05078125,
        29731.560546875
      ],
      "step_wall_s": [
        48.65055232204031,
        29.80681601096876,
        30.164448664989322
      ],
      "step_slab_overflows": [
        0,
        0,
        0
      ],
      "placement_extent_gib": 18.108169555664062,
      "placement_overhead": 1.1330994703710457,
      "recompute_chosen": 3
    }
  ]
}
