{
  "config": "8b",
  "steps": 3,
  "pcie": {
    "uni_h2d": 35614,
    "uni_d2h": 55431,
    "bidi_h2d": 25127,
    "bidi_d2h": 25414
  },
  "sweep": [
    {
      "budget_gib": 20.0,
      "planned_budget_gib": 20.0,
      "placement_mode": "static",
      "extent_budget": false,
      "sim_ms_per_step": 3342.55474609375,
      "real_ms_per_step_steady": 3387.619140625,
      "sim_tokens_per_s": 1225.4099965862213,
      "real_tokens_per_s": 1209.1087663545043,
      "real_vs_sim_pct": -1.3302674433152473,
      "replay_fidelity_gap_pct": 0.6003401970550492,
      "losses": [
        12.543389320373535,
        12.588277816772461,
        12.578329086303711
      ],
      "peak_fast_gib": 19.96209717169404,
      "step_makespans_ms": [
        3388.571533203125,
        3389.2568359375,
        3385.9814453125
      ],
      "step_wall_s": [
        22.90467939095106,
        3.818486531963572,
        3.8145289729582146
      ],
      "step_slab_overflows": [
        0,
        0,
        0
      ],
      "placement_extent_gib": 23.452407836914062,
      "placement_overhead": 1.1748468928489755,
      "recompute_chosen": 0
    }
  ]
}
