{
  "config": "8b-ga16",
  "steps": 3,
  "pcie": {
    "uni_h2d": 35773,
    "uni_d2h": 55883,
    "bidi_h2d": 25081,
    "bidi_d2h": 25358
  },
  "sweep": [
    {
      "budget_gib": 8.0,
      "planned_budget_gib": 8.0,
      "placement_mode": "static",
      "extent_budget": false,
      "sim_ms_per_step": 33122.75392089844,
      "real_ms_per_step_steady": 33756.849609375,
      "sim_tokens_per_s": 1978.5794428962254,
      "real_tokens_per_s": 1941.4133948625124,
      "real_vs_sim_pct": -1.8784208118178825,
      "replay_fidelity_gap_pct": 2.793864591661323,
      "losses": [
        12.543389320373535,
        12.601642608642578,
        12.558965682983398
      ],
      "peak_fast_gib": 7.979766845703125,
      "step_makespans_ms": [
        33650.86328125,
        33725.19921875,
        33788.5
      ],
      "step_wall_s": [
        52.96995879593305,
        33.95964543300215,
        34.020593910012394
      ],
      "step_slab_overflows": [
        0,
        0,
        0
      ],
      "placement_extent_gib": 8.955230712890625,
      "placement_overhead": 1.1222421514373893,
      "recompute_chosen": 388
    }
  ]
}
