{
  "config": "8b-bs4ga4",
  "steps": 3,
  "pcie": {
    "uni_h2d": 35972,
    "uni_d2h": 56561,
    "bidi_h2d": 25494,
    "bidi_d2h": 25754
  },
  "sweep": [
    {
      "budget_gib": 18.0,
      "sim_ms_per_step": 27277.85334375,
      "real_ms_per_step_steady": 28106.9580078125,
      "sim_tokens_per_s": 2402.5350959303346,
      "real_tokens_per_s": 2331.6646355604853,
      "real_vs_sim_pct": -2.949819983478996,
      "replay_fidelity_gap_pct": 0.3661340513567673,
      "losses": [
        12.583559036254883,
        12.576541900634766,
        12.576139450073242
      ],
      "peak_fast_gib": 17.791656494140625,
      "step_makespans_ms": [
        27956.27734375,
        28052.197265625,
        28161.71875
      ],
      "step_wall_s": [
        47.402443403960206,
        28.484146940987557,
        28.58924856898375
      ],
      "step_slab_overflows": [
        0,
        0,
        0
      ],
      "placement_extent_gib": 19.274261474609375,
      "placement_overhead": 1.083331475119083,
      "recompute_chosen": 64
    }
  ]
}
