{
  "config": "8b-bs4ga4",
  "steps": 3,
  "pcie": {
    "uni_h2d": 35739,
    "uni_d2h": 56311,
    "bidi_h2d": 25062,
    "bidi_d2h": 25233
  },
  "sweep": [
    {
      "budget_gib": 12.0,
      "sim_ms_per_step": 27338.449984375,
      "real_ms_per_step_steady": 28846.232421875,
      "sim_tokens_per_s": 2397.2097919763705,
      "real_tokens_per_s": 2271.908478082635,
      "real_vs_sim_pct": -5.226964878632135,
      "replay_fidelity_gap_pct": 0.3582568399169975,
      "losses": [
        12.583559036254883,
        12.576892852783203,
        12.575928688049316
      ],
      "peak_fast_gib": 11.941543582826853,
      "step_makespans_ms": [
        28800.52734375,
        28650.6875,
        29041.77734375
      ],
      "step_wall_s": [
        48.20635489595588,
        28.984611004940234,
        29.37500988296233
      ],
      "step_slab_overflows": [
        0,
        0,
        0
      ],
      "placement_extent_gib": 13.8795166015625,
      "placement_overhead": 1.1622883176947616,
      "recompute_chosen": 64
    }
  ]
}
