{
  "config": "8b",
  "steps": 3,
  "pcie": {
    "uni_h2d": 35530,
    "uni_d2h": 54818,
    "bidi_h2d": 25427,
    "bidi_d2h": 25675
  },
  "sweep": [
    {
      "budget_gib": 12.0,
      "planned_budget_gib": 12.0,
      "placement_mode": "static",
      "extent_budget": false,
      "sim_ms_per_step": 3782.68691796875,
      "real_ms_per_step_steady": 3675.35205078125,
      "sim_tokens_per_s": 1082.8281824073072,
      "real_tokens_per_s": 1114.4510630292777,
      "real_vs_sim_pct": 2.9203968954398363,
      "replay_fidelity_gap_pct": 1.6879367615079748,
      "losses": [
        12.543389320373535,
        12.587347984313965,
        12.573740005493164
      ],
      "peak_fast_gib": 11.978958129882812,
      "step_makespans_ms": [
        3699.519775390625,
        3671.533935546875,
        3679.170166015625
      ],
      "step_wall_s": [
        23.089943570899777,
        4.018598385038786,
        4.022525113075972
      ],
      "step_slab_overflows": [
        0,
        0,
        0
      ],
      "placement_extent_gib": 12.2978515625,
      "placement_overhead": 1.026621132585953,
      "recompute_chosen": 0
    }
  ]
}
