{
  "budget_gib": 28.0,
  "budget_semantics": "device",
  "planned_budget_gib": 19.173669434152544,
  "vmm": {
    "maps": 188,
    "handle_creates": 201,
    "handle_reflows": 188,
    "prewarmed": 18,
    "slot_adoptions": 334,
    "t_create_s": 0.3151,
    "t_destroy_s": 0.0339,
    "t_map_s": 0.2178,
    "t_unmap_s": 0.1127,
    "reclaim_drains": 0,
    "peak_mapped_bytes": 20300431360,
    "peak_physical_bytes": 21120417792,
    "pool_bytes": 21124612096
  },
  "actual_device_peak_gib": 27.93023681640625,
  "envelope_ok": true,
  "fixed_overhead_gib": 1.41656494140625,
  "torch_scratch_peak_gib": 6.83984375,
  "device_envelope_gib": 28,
  "scratch_reserve_gib": 6.509765625,
  "placement_mode": "vmm",
  "extent_budget": false,
  "sim_ms_per_step": 6676.937426757812,
  "real_ms_per_step_steady": 6326.32666015625,
  "sim_tokens_per_s": 9815.278444480342,
  "real_tokens_per_s": 10359.25008627066,
  "wall_tokens_per_s": 10332.6504559362,
  "real_vs_sim_pct": 5.542090780890918,
  "replay_fidelity_gap_pct": 5.023992776290866,
  "losses": [
    NaN,
    NaN,
    NaN
  ],
  "peak_fast_gib": 18.898325204849243,
  "peak_backing_gib": 90.91352248191833,
  "pinned_host_gib": 90.91376662626863,
  "step_makespans_ms": [
    7205.07470703125,
    6370.27783203125,
    6282.37548828125
  ],
  "step_wall_s": [
    9.87196658900939,
    6.386549705872312,
    6.298675692873076
  ],
  "step_slab_overflows": [
    0,
    0,
    0
  ],
  "placement_extent_gib": 19.673828125,
  "placement_escapes": 0,
  "pressure_evictions": 0,
  "placement_overhead": 1.0410355368396225,
  "recompute_chosen": 12,
  "family": "dsv32-mini",
  "config": "dsv32-mini-s4k-bs16ga1",
  "source_summary": "/home/shein/Documents/grad_school/research/dataflow/artifacts/bench/bench-dsv32-mini-s4k-bs16ga1-28dev-rc-vmm.summary.json",
  "generated_by": "tools/bench_campaign.py"
}
