{
  "budget_gib": 12.0,
  "budget_semantics": "device",
  "planned_budget_gib": 7.4880615239962935,
  "vmm": {
    "maps": 247,
    "handle_creates": 256,
    "handle_reflows": 243,
    "prewarmed": 10,
    "slot_adoptions": 1067,
    "t_create_s": 0.0112,
    "t_destroy_s": 0.0158,
    "t_map_s": 0.1941,
    "t_unmap_s": 0.1225,
    "reclaim_drains": 0,
    "peak_mapped_bytes": 8023703552,
    "peak_physical_bytes": 8571060224,
    "pool_bytes": 8577351680
  },
  "actual_device_peak_gib": 11.1934814453125,
  "envelope_ok": true,
  "fixed_overhead_gib": 1.4219970703125,
  "torch_scratch_peak_gib": 1.783203125,
  "device_envelope_gib": 12,
  "scratch_reserve_gib": 2.18994140625,
  "placement_mode": "vmm",
  "extent_budget": false,
  "sim_ms_per_step": 16931.789734375,
  "real_ms_per_step_steady": 13944.3251953125,
  "sim_tokens_per_s": 3870.58905337978,
  "real_tokens_per_s": 4699.83302039101,
  "wall_tokens_per_s": 4694.21257503762,
  "real_vs_sim_pct": 21.42423170155814,
  "replay_fidelity_gap_pct": 0.9177231725376206,
  "losses": [
    NaN,
    NaN
  ],
  "peak_fast_gib": 7.464213132858276,
  "peak_backing_gib": 104.35474706441164,
  "pinned_host_gib": 104.35499121248722,
  "step_makespans_ms": [
    14749.556640625,
    13944.3251953125
  ],
  "step_wall_s": [
    19.94062607595697,
    13.961020927876234
  ],
  "step_slab_overflows": [
    0,
    0
  ],
  "placement_extent_gib": 7.98828125,
  "placement_escapes": 0,
  "pressure_evictions": 0,
  "placement_overhead": 1.0702107653966524,
  "recompute_chosen": 72,
  "family": "dsv32-mini",
  "config": "dsv32-mini-s4k-bs4ga4",
  "source_summary": "/home/shein/Documents/grad_school/research/dataflow/artifacts/bench/bench-dsv32-mini-s4k-bs4ga4-12dev-rc-vmm.summary.json",
  "generated_by": "tools/bench_campaign.py"
}
