{
  "budget_gib": 12.0,
  "budget_semantics": "device",
  "planned_budget_gib": 5.8199652610346675,
  "actual_device_peak_gib": 11.30360460281372,
  "envelope_ok": true,
  "fixed_overhead_gib": 1.41656494140625,
  "torch_scratch_peak_gib": 3.345703125,
  "device_envelope_gib": 12,
  "scratch_reserve_gib": 3.3798828125,
  "placement_mode": "static",
  "extent_budget": false,
  "sim_ms_per_step": 5481.4870625,
  "real_ms_per_step_steady": 5356.238037109375,
  "sim_tokens_per_s": 11955.879718907938,
  "real_tokens_per_s": 12235.453231531155,
  "wall_tokens_per_s": 12219.756433777455,
  "real_vs_sim_pct": 2.3383767585172244,
  "replay_fidelity_gap_pct": 0.6138141532413054,
  "losses": [
    11.22770881652832,
    11.240621566772461,
    11.23161506652832
  ],
  "peak_fast_gib": 5.791336536407471,
  "peak_backing_gib": 52.838645461946726,
  "pinned_host_gib": 52.838889606297016,
  "step_makespans_ms": [
    5750.8818359375,
    5373.17236328125,
    5339.3037109375
  ],
  "step_wall_s": [
    8.413774681976065,
    5.38009355799295,
    5.346143148140982
  ],
  "step_slab_overflows": [
    0,
    0,
    0
  ],
  "placement_extent_gib": 6.541336536407471,
  "placement_escapes": 0,
  "pressure_evictions": 0,
  "placement_overhead": 1.1295037847110239,
  "recompute_chosen": 32,
  "plan_path": "results/bench/olmoe-r4/raw/olmoe-shaped-16L-d2048-s1024-b32-r2-steps1-5.81997gib.annotated.json",
  "webapp_path": "results/bench/olmoe-r4/raw/olmoe-shaped-16L-d2048-s1024-b32-r2-steps1-5.81997gib.webapp.json",
  "family": "olmoe-7b",
  "config": "olmoe-7b-s1k-bs32ga2",
  "source_summary": "results/bench/olmoe-r4/raw/bench-olmoe-7b-s1k-bs32ga2-12dev-rc.summary.json",
  "generated_by": "tools/bench_campaign.py"
}
