{
  "budget_gib": 28.0,
  "budget_semantics": "device",
  "planned_budget_gib": 17.21763138566166,
  "actual_device_peak_gib": 27.47408103942871,
  "envelope_ok": true,
  "fixed_overhead_gib": 1.5240478515625,
  "torch_scratch_peak_gib": 7.017578125,
  "device_envelope_gib": 28,
  "scratch_reserve_gib": 6.509765625,
  "placement_mode": "static",
  "extent_budget": false,
  "sim_ms_per_step": 7158.694782226563,
  "real_ms_per_step_steady": 6267.977783203125,
  "sim_tokens_per_s": 9154.74147084902,
  "real_tokens_per_s": 10455.68479448393,
  "wall_tokens_per_s": 10427.04139861412,
  "real_vs_sim_pct": 14.210595982174246,
  "replay_fidelity_gap_pct": 0.5500338180360104,
  "losses": [
    NaN,
    NaN,
    NaN
  ],
  "peak_fast_gib": 17.155161142349243,
  "peak_backing_gib": 85.68207788467407,
  "pinned_host_gib": 85.68232202902436,
  "step_makespans_ms": [
    6282.046875,
    6268.275390625,
    6267.68017578125
  ],
  "step_wall_s": [
    7.9760030878242105,
    6.28662692499347,
    6.283765287837014
  ],
  "step_slab_overflows": [
    0,
    0,
    0
  ],
  "placement_extent_gib": 18.93245506286621,
  "placement_escapes": 0,
  "pressure_evictions": 0,
  "placement_overhead": 1.1036011207221796,
  "recompute_chosen": 14,
  "family": "dsv32-mini",
  "config": "dsv32-mini-s4k-bs16ga1",
  "source_summary": "/home/shein/Documents/grad_school/research/dataflow/artifacts/bench/bench-dsv32-mini-s4k-bs16ga1-20_24_28dev-rc.summary.json",
  "generated_by": "tools/bench_campaign.py"
}
