{
  "budget_gib": 28.0,
  "budget_semantics": "device",
  "planned_budget_gib": 17.218855605460703,
  "actual_device_peak_gib": 27.98280668258667,
  "envelope_ok": true,
  "fixed_overhead_gib": 1.5240478515625,
  "torch_scratch_peak_gib": 7.037109375,
  "device_envelope_gib": 28,
  "scratch_reserve_gib": 6.509765625,
  "placement_mode": "static",
  "extent_budget": false,
  "sim_ms_per_step": 6487.1034453125,
  "real_ms_per_step_steady": 5798.914794921875,
  "sim_tokens_per_s": 10102.50577202611,
  "real_tokens_per_s": 11301.424890289827,
  "wall_tokens_per_s": 11270.221129646956,
  "real_vs_sim_pct": 11.867542026885358,
  "replay_fidelity_gap_pct": 0.5356572814748171,
  "losses": [
    NaN,
    NaN,
    NaN
  ],
  "peak_fast_gib": 17.180986642837524,
  "peak_backing_gib": 91.4113073348999,
  "pinned_host_gib": 91.41155147925019,
  "step_makespans_ms": [
    5849.732421875,
    5788.4873046875,
    5809.34228515625
  ],
  "step_wall_s": [
    8.636758452979848,
    5.804399288026616,
    5.825541109079495
  ],
  "step_slab_overflows": [
    0,
    0,
    0
  ],
  "placement_extent_gib": 19.42164945602417,
  "placement_escapes": 0,
  "pressure_evictions": 0,
  "placement_overhead": 1.1302585705950627,
  "recompute_chosen": 13,
  "family": "glm52-mini",
  "config": "glm52-mini-s4k-bs16ga1",
  "source_summary": "/home/shein/Documents/grad_school/research/dataflow/artifacts/bench/bench-glm52-mini-s4k-bs16ga1-24_28dev-rc.summary.json",
  "generated_by": "tools/bench_campaign.py"
}
