{
  "config": "8b-s1k-bs8ga8",
  "steps": 3,
  "pcie": {
    "uni_h2d": 35338,
    "uni_d2h": 56756,
    "bidi_h2d": 25529,
    "bidi_d2h": 25783
  },
  "kernel_set": {
    "adamw_step": "triton",
    "ce_loss_fwd_bwd": "triton",
    "rmsnorm_apply": "triton",
    "rmsnorm_bwd": "triton",
    "rmsnorm_fwd": "triton",
    "rmsnorm_noweight": "triton",
    "rope_bwd": "triton",
    "rope_fwd": "triton",
    "swiglu_bwd": "triton",
    "swiglu_fwd_out": "triton"
  },
  "sweep": [
    {
      "budget_gib": 16.0,
      "planned_budget_gib": 16.0,
      "placement_mode": "static",
      "extent_budget": false,
      "sim_ms_per_step": 19877.20191415405,
      "real_ms_per_step_steady": 20782.47265625,
      "sim_tokens_per_s": 3297.043531732375,
      "real_tokens_per_s": 3153.4264995311364,
      "real_vs_sim_pct": -4.355933757592134,
      "replay_fidelity_gap_pct": 0.7807954807228101,
      "losses": [
        12.585172653198242,
        12.567970275878906,
        12.579085350036621
      ],
      "peak_fast_gib": 15.861740112304688,
      "peak_backing_gib": 66.8996124342084,
      "pinned_host_gib": 146.873046875,
      "step_makespans_ms": [
        21098.17578125,
        20746.185546875,
        20818.759765625
      ],
      "step_wall_s": [
        41.20165444596205,
        21.167666494031437,
        21.23908101406414
      ],
      "step_slab_overflows": [
        0,
        0,
        0
      ],
      "placement_extent_gib": 17.869918823242188,
      "placement_escapes": 0,
      "placement_overhead": 1.1266051956922218,
      "recompute_chosen": 128
    }
  ]
}
