{
  "budget_gib": 28.0,
  "budget_semantics": "device",
  "planned_budget_gib": 19.173669434152544,
  "vmm": {
    "maps": 172,
    "handle_creates": 187,
    "handle_reflows": 174,
    "prewarmed": 20,
    "slot_adoptions": 332,
    "t_create_s": 0.2908,
    "t_destroy_s": 0.0253,
    "t_map_s": 0.1733,
    "t_unmap_s": 0.1406,
    "reclaim_drains": 0,
    "peak_mapped_bytes": 19990052864,
    "peak_physical_bytes": 21124612096,
    "pool_bytes": 21124612096
  },
  "actual_device_peak_gib": 27.98883056640625,
  "envelope_ok": true,
  "fixed_overhead_gib": 1.41656494140625,
  "torch_scratch_peak_gib": 6.8984375,
  "device_envelope_gib": 28,
  "scratch_reserve_gib": 6.509765625,
  "placement_mode": "vmm",
  "extent_budget": false,
  "sim_ms_per_step": 5507.190665527343,
  "real_ms_per_step_steady": 5462.203857421875,
  "sim_tokens_per_s": 11900.078275885255,
  "real_tokens_per_s": 11998.087532187523,
  "wall_tokens_per_s": 11962.62032175735,
  "real_vs_sim_pct": 0.8236017783250782,
  "replay_fidelity_gap_pct": 3.7207017345718767,
  "losses": [
    8.709437370300293,
    9.260713577270508,
    9.448217391967773
  ],
  "peak_fast_gib": 18.602470636367798,
  "peak_backing_gib": 81.89994692802429,
  "pinned_host_gib": 82.41679406538606,
  "step_makespans_ms": [
    5484.23388671875,
    5450.4462890625,
    5473.96142578125
  ],
  "step_wall_s": [
    6.488471582066268,
    5.466572497971356,
    5.490224296925589
  ],
  "step_slab_overflows": [
    0,
    0,
    0
  ],
  "placement_extent_gib": 19.673828125,
  "placement_escapes": 0,
  "pressure_evictions": 0,
  "placement_overhead": 1.05759221501136,
  "recompute_chosen": 14,
  "family": "dsv3-mini",
  "config": "dsv3-mini-s4k-bs16ga1",
  "source_summary": "/home/shein/Documents/grad_school/research/dataflow/artifacts/bench/bench-dsv3-mini-s4k-bs16ga1-24_28dev-rc-vmm.summary.json",
  "generated_by": "tools/bench_campaign.py"
}
