{
  "budget_gib": 20.0,
  "budget_semantics": "device",
  "planned_budget_gib": 13.928674316965044,
  "vmm": {
    "maps": 476,
    "handle_creates": 482,
    "handle_reflows": 464,
    "prewarmed": 10,
    "slot_adoptions": 484,
    "t_create_s": 0.0277,
    "t_destroy_s": 0.0641,
    "t_map_s": 0.6269,
    "t_unmap_s": 0.2861,
    "reclaim_drains": 0,
    "peak_mapped_bytes": 14950596608,
    "peak_physical_bytes": 15493758976,
    "pool_bytes": 15493758976
  },
  "actual_device_peak_gib": 19.37152099609375,
  "envelope_ok": true,
  "fixed_overhead_gib": 1.41644287109375,
  "torch_scratch_peak_gib": 3.525390625,
  "device_envelope_gib": 20,
  "scratch_reserve_gib": 3.7548828125,
  "placement_mode": "vmm",
  "extent_budget": false,
  "sim_ms_per_step": 8683.7365078125,
  "real_ms_per_step_steady": 7956.313720703125,
  "sim_tokens_per_s": 7546.981641029666,
  "real_tokens_per_s": 8236.980378170454,
  "wall_tokens_per_s": 8220.013003394526,
  "real_vs_sim_pct": 9.14271121834409,
  "replay_fidelity_gap_pct": 3.6360298736916055,
  "losses": [
    NaN,
    NaN,
    NaN
  ],
  "peak_fast_gib": 13.910044193267822,
  "peak_backing_gib": 102.44529605284333,
  "pinned_host_gib": 114.04320002347231,
  "step_makespans_ms": [
    7950.05908203125,
    7951.12158203125,
    7961.505859375
  ],
  "step_wall_s": [
    14.04375430289656,
    7.967409590026364,
    7.978063968941569
  ],
  "step_slab_overflows": [
    0,
    0,
    0
  ],
  "placement_extent_gib": 14.4296875,
  "placement_escapes": 0,
  "pressure_evictions": 0,
  "placement_overhead": 1.0373574159443486,
  "recompute_chosen": 25,
  "family": "glm52-mini",
  "config": "glm52-mini-s4k-bs8ga2",
  "source_summary": "/home/shein/Documents/grad_school/research/dataflow/artifacts/bench/bench-glm52-mini-s4k-bs8ga2-16_20dev-rc-vmm.summary.json",
  "generated_by": "tools/bench_campaign.py"
}
