{
  "budget_gib": 24.0,
  "budget_semantics": "device",
  "planned_budget_gib": 12.191849568858743,
  "actual_device_peak_gib": 23.159850120544434,
  "envelope_ok": true,
  "fixed_overhead_gib": 1.5240478515625,
  "torch_scratch_peak_gib": 6.998046875,
  "device_envelope_gib": 24,
  "scratch_reserve_gib": 6.509765625,
  "placement_mode": "static",
  "extent_budget": false,
  "sim_ms_per_step": 8454.5966875,
  "real_ms_per_step_steady": 6962.272705078125,
  "sim_tokens_per_s": 7751.522919702845,
  "real_tokens_per_s": 9413.01824506235,
  "wall_tokens_per_s": 9391.449059734801,
  "real_vs_sim_pct": 21.43443736889834,
  "replay_fidelity_gap_pct": 0.30027382712285194,
  "losses": [
    NaN,
    NaN,
    NaN
  ],
  "peak_fast_gib": 12.10954737663269,
  "peak_backing_gib": 80.19353461265564,
  "pinned_host_gib": 80.19377875700593,
  "step_makespans_ms": [
    7123.62060546875,
    6977.603515625,
    6946.94189453125
  ],
  "step_wall_s": [
    7.817885671975091,
    6.993588070850819,
    6.962937611853704
  ],
  "step_slab_overflows": [
    0,
    0,
    0
  ],
  "placement_extent_gib": 14.637755393981934,
  "placement_escapes": 0,
  "pressure_evictions": 0,
  "placement_overhead": 1.2087780772242425,
  "recompute_chosen": 18,
  "family": "glm52-mini",
  "config": "glm52-mini-s4k-bs16ga1",
  "source_summary": "/home/shein/Documents/grad_school/research/dataflow/artifacts/bench/bench-glm52-mini-s4k-bs16ga1-24_28dev-rc.summary.json",
  "generated_by": "tools/bench_campaign.py"
}
