{
  "budget_gib": 12.0,
  "budget_semantics": "device",
  "planned_budget_gib": 7.4934936529025435,
  "vmm": {
    "maps": 529,
    "handle_creates": 554,
    "handle_reflows": 540,
    "prewarmed": 26,
    "slot_adoptions": 1322,
    "t_create_s": 0.0194,
    "t_destroy_s": 0.0733,
    "t_map_s": 0.5261,
    "t_unmap_s": 0.2061,
    "reclaim_drains": 0,
    "peak_mapped_bytes": 8023703552,
    "peak_physical_bytes": 8583643136,
    "pool_bytes": 8583643136
  },
  "actual_device_peak_gib": 11.19390869140625,
  "envelope_ok": true,
  "fixed_overhead_gib": 1.41656494140625,
  "torch_scratch_peak_gib": 1.783203125,
  "device_envelope_gib": 12,
  "scratch_reserve_gib": 2.18994140625,
  "placement_mode": "vmm",
  "extent_budget": false,
  "sim_ms_per_step": 15759.459,
  "real_ms_per_step_steady": 12650.6123046875,
  "sim_tokens_per_s": 4158.5183856882395,
  "real_tokens_per_s": 5180.460709851695,
  "wall_tokens_per_s": 5173.682318239283,
  "real_vs_sim_pct": 24.574673703031458,
  "replay_fidelity_gap_pct": 2.1418046877756494,
  "losses": [
    12.177682876586914,
    12.172640800476074,
    12.176729202270508
  ],
  "peak_fast_gib": 7.4566123485565186,
  "peak_backing_gib": 102.74191594868898,
  "pinned_host_gib": 102.74216009676456,
  "step_makespans_ms": [
    13218.1640625,
    12667.3798828125,
    12633.8447265625
  ],
  "step_wall_s": [
    18.080061712069437,
    12.683890394167975,
    12.650483063189313
  ],
  "step_slab_overflows": [
    0,
    0,
    0
  ],
  "placement_extent_gib": 7.994140625,
  "placement_escapes": 0,
  "pressure_evictions": 0,
  "placement_overhead": 1.072087464295705,
  "recompute_chosen": 72,
  "family": "dsv3-mini",
  "config": "dsv3-mini-s4k-bs4ga4",
  "source_summary": "/home/shein/Documents/grad_school/research/dataflow/artifacts/bench/bench-dsv3-mini-s4k-bs4ga4-12dev-rc-vmm.summary.json",
  "generated_by": "tools/bench_campaign.py"
}
