{
  "budget_gib": 24.0,
  "budget_semantics": "device",
  "planned_budget_gib": 14.794885254465044,
  "vmm": {
    "maps": 293,
    "handle_creates": 303,
    "handle_reflows": 291,
    "prewarmed": 16,
    "slot_adoptions": 256,
    "t_create_s": 0.1787,
    "t_destroy_s": 0.0617,
    "t_map_s": 0.3802,
    "t_unmap_s": 0.1921,
    "reclaim_drains": 0,
    "peak_mapped_bytes": 15741222912,
    "peak_physical_bytes": 16420700160,
    "pool_bytes": 16422797312
  },
  "actual_device_peak_gib": 23.55511474609375,
  "envelope_ok": true,
  "fixed_overhead_gib": 1.42034912109375,
  "torch_scratch_peak_gib": 6.83984375,
  "device_envelope_gib": 24,
  "scratch_reserve_gib": 6.884765625,
  "placement_mode": "vmm",
  "extent_budget": false,
  "sim_ms_per_step": 7205.763282226562,
  "real_ms_per_step_steady": 6582.71728515625,
  "sim_tokens_per_s": 9094.94212246028,
  "real_tokens_per_s": 9955.767073239027,
  "wall_tokens_per_s": 9931.235579179545,
  "real_vs_sim_pct": 9.46487552298887,
  "replay_fidelity_gap_pct": 3.9662161902912154,
  "losses": [
    NaN,
    NaN,
    NaN
  ],
  "peak_fast_gib": 14.654917001724243,
  "peak_backing_gib": 90.42060256004333,
  "pinned_host_gib": 90.42084670439363,
  "step_makespans_ms": [
    7400.47119140625,
    6602.86865234375,
    6562.56591796875
  ],
  "step_wall_s": [
    9.978611425030977,
    6.61903342185542,
    6.5789215511176735
  ],
  "step_slab_overflows": [
    0,
    0,
    0
  ],
  "placement_extent_gib": 15.294921875,
  "placement_escapes": 0,
  "pressure_evictions": 0,
  "placement_overhead": 1.043671681879908,
  "recompute_chosen": 14,
  "family": "dsv32-mini",
  "config": "dsv32-mini-s4k-bs16ga1",
  "source_summary": "/home/shein/Documents/grad_school/research/dataflow/artifacts/bench/bench-dsv32-mini-s4k-bs16ga1-24dev-rc-vmm.summary.json",
  "generated_by": "tools/bench_campaign.py"
}
