{
  "budget_gib": 16.0,
  "budget_semantics": "device",
  "planned_budget_gib": 9.928674316965044,
  "vmm": {
    "maps": 308,
    "handle_creates": 318,
    "handle_reflows": 303,
    "prewarmed": 11,
    "slot_adoptions": 778,
    "t_create_s": 0.0158,
    "t_destroy_s": 0.0305,
    "t_map_s": 0.3442,
    "t_unmap_s": 0.1598,
    "reclaim_drains": 0,
    "peak_mapped_bytes": 10607394816,
    "peak_physical_bytes": 11196694528,
    "pool_bytes": 11198791680
  },
  "actual_device_peak_gib": 15.31097412109375,
  "envelope_ok": true,
  "fixed_overhead_gib": 1.41644287109375,
  "torch_scratch_peak_gib": 3.46484375,
  "device_envelope_gib": 16,
  "scratch_reserve_gib": 3.7548828125,
  "placement_mode": "vmm",
  "extent_budget": false,
  "sim_ms_per_step": 9170.998530273437,
  "real_ms_per_step_steady": 8185.47705078125,
  "sim_tokens_per_s": 7146.004852543142,
  "real_tokens_per_s": 8006.3751438586005,
  "wall_tokens_per_s": 7990.5455931282595,
  "real_vs_sim_pct": 12.039878352577205,
  "replay_fidelity_gap_pct": 1.408200550424913,
  "losses": [
    NaN,
    NaN,
    NaN
  ],
  "peak_fast_gib": 9.865164041519165,
  "peak_backing_gib": 111.29490757361054,
  "pinned_host_gib": 114.04320002347231,
  "step_makespans_ms": [
    9102.580078125,
    8196.267578125,
    8174.6865234375
  ],
  "step_wall_s": [
    16.052844371879473,
    8.212433401029557,
    8.19095213408582
  ],
  "step_slab_overflows": [
    0,
    0,
    0
  ],
  "placement_extent_gib": 10.4296875,
  "placement_escapes": 0,
  "pressure_evictions": 0,
  "placement_overhead": 1.057223930195681,
  "recompute_chosen": 22,
  "family": "glm52-mini",
  "config": "glm52-mini-s4k-bs8ga2",
  "source_summary": "/home/shein/Documents/grad_school/research/dataflow/artifacts/bench/bench-glm52-mini-s4k-bs8ga2-16_20dev-rc-vmm.summary.json",
  "generated_by": "tools/bench_campaign.py"
}
