{
  "config": "8b",
  "steps": 3,
  "pcie": {
    "uni_h2d": 35887,
    "uni_d2h": 56319,
    "bidi_h2d": 25137,
    "bidi_d2h": 25329
  },
  "sweep": [
    {
      "budget_gib": 16.0,
      "planned_budget_gib": 16.0,
      "placement_mode": "static",
      "extent_budget": false,
      "sim_ms_per_step": 3598.727708984375,
      "real_ms_per_step_steady": 3524.8070068359375,
      "sim_tokens_per_s": 1138.1800267283807,
      "real_tokens_per_s": 1162.0494376163865,
      "real_vs_sim_pct": 2.097156014643553,
      "replay_fidelity_gap_pct": 0.5267345405701547,
      "losses": [
        12.543389320373535,
        12.588811874389648,
        12.575952529907227
      ],
      "peak_fast_gib": 15.899444583803415,
      "step_makespans_ms": [
        3538.214111328125,
        3521.68505859375,
        3527.928955078125
      ],
      "step_wall_s": [
        23.050095358048566,
        3.947032050928101,
        3.9531657949555665
      ],
      "step_slab_overflows": [
        0,
        0,
        0
      ],
      "placement_extent_gib": 18.938873291015625,
      "placement_overhead": 1.1911657159589362,
      "recompute_chosen": 0
    }
  ]
}
