{
  "config": "8b",
  "steps": 4,
  "pcie": {
    "uni_h2d": 35596,
    "uni_d2h": 56817,
    "bidi_h2d": 25604,
    "bidi_d2h": 25773
  },
  "sweep": [
    {
      "budget_gib": 16.0,
      "sim_ms_per_step": 3573.5464584960937,
      "real_ms_per_step_steady": 3529.1923014322915,
      "sim_tokens_per_s": 1146.2002936219774,
      "real_tokens_per_s": 1160.6055012467511,
      "real_vs_sim_pct": 1.2567792649270215,
      "replay_fidelity_gap_pct": 0.5246459137325425,
      "losses": [
        12.543389320373535,
        12.587926864624023,
        12.575064659118652,
        12.576685905456543
      ],
      "peak_fast_gib": 15.899444583803415,
      "step_makespans_ms": [
        3544.483642578125,
        3542.98095703125,
        3528.467041015625,
        3516.12890625
      ],
      "step_wall_s": [
        4.60844454204198,
        3.9608251280151308,
        3.9444252520333976,
        3.9332489389926195
      ],
      "step_slab_overflows": [
        1,
        0,
        0,
        0
      ],
      "recompute_chosen": 0
    }
  ]
}
