{
  "config": "8b",
  "steps": 4,
  "pcie": {
    "uni_h2d": 35760,
    "uni_d2h": 56631,
    "bidi_h2d": 25490,
    "bidi_d2h": 25694
  },
  "sweep": [
    {
      "budget_gib": 20.0,
      "sim_ms_per_step": 3347.2806494140623,
      "real_ms_per_step_steady": 3364.9152018229165,
      "sim_tokens_per_s": 1223.6798849588545,
      "real_tokens_per_s": 1217.2669307627793,
      "real_vs_sim_pct": -0.5240712276880166,
      "replay_fidelity_gap_pct": 0.5598375195436746,
      "losses": [
        12.543389320373535,
        12.587368965148926,
        12.575551986694336,
        12.577045440673828
      ],
      "peak_fast_gib": 19.96209717169404,
      "step_makespans_ms": [
        3384.985107421875,
        3361.867919921875,
        3373.154296875,
        3359.723388671875
      ],
      "step_wall_s": [
        3.8263267358997837,
        3.7769182679476216,
        3.790381534025073,
        3.7736448710784316
      ],
      "step_slab_overflows": [
        2,
        2,
        0,
        0
      ],
      "recompute_chosen": 0
    }
  ]
}
