{
  "config": "8b-bs4ga4",
  "steps": 3,
  "pcie": {
    "uni_h2d": 35369,
    "uni_d2h": 55967,
    "bidi_h2d": 25500,
    "bidi_d2h": 25781
  },
  "sweep": [
    {
      "budget_gib": 16.0,
      "sim_ms_per_step": 27017.29234375,
      "real_ms_per_step_steady": 28120.1416015625,
      "sim_tokens_per_s": 2425.705698637882,
      "real_tokens_per_s": 2330.5714789273493,
      "real_vs_sim_pct": -3.921919289877329,
      "replay_fidelity_gap_pct": 0.33162168898263766,
      "losses": [
        12.583559036254883,
        12.575255393981934,
        12.576273918151855
      ],
      "peak_fast_gib": 15.93603515625,
      "step_makespans_ms": [
        28074.4609375,
        28079.83984375,
        28160.443359375
      ],
      "step_wall_s": [
        47.586391642922536,
        28.50686052092351,
        28.584990513976663
      ],
      "step_slab_overflows": [
        0,
        0,
        0
      ],
      "placement_extent_gib": 17.326950073242188,
      "placement_overhead": 1.0872811149921868,
      "recompute_chosen": 64
    }
  ]
}
