{
  "config": "baseline1b",
  "steps": 4,
  "pcie": {
    "uni_h2d": 35420,
    "uni_d2h": 56817,
    "bidi_h2d": 25300,
    "bidi_d2h": 25416
  },
  "sweep": [
    {
      "budget_gib": 24.0,
      "sim_ms_per_step": 529.9085244140625,
      "real_ms_per_step_steady": 399.28009033203125,
      "sim_tokens_per_s": 7729.635986756551,
      "real_tokens_per_s": 10258.462916580362,
      "real_vs_sim_pct": 32.71598991409863,
      "replay_fidelity_gap_pct": 1.9426758246961953,
      "losses": [
        10.82518482208252,
        10.808618545532227,
        10.794210433959961,
        10.794564247131348
      ],
      "peak_fast_gib": 9.832916263490915,
      "step_makespans_ms": [
        399.8063049316406,
        401.0024108886719,
        398.769287109375,
        398.0685729980469
      ],
      "step_wall_s": [
        0.5954364049248397,
        0.5829926310107112,
        0.5796240819618106,
        0.5781123880296946
      ],
      "step_slab_overflows": [
        0,
        0,
        0,
        0
      ],
      "recompute_chosen": 0
    }
  ],
  "baseline_plain_torch_ms_per_step": 355.92424202089506,
  "baseline_tokens_per_s": 11508.066932287064
}
