{
  "name": "llama3-shaped-2L-d64-s64-b1-r1-steps1",
  "fast_memory_capacity_bytes": 644245,
  "task_count": 13,
  "object_count": 25,
  "makespan_us": 38.0,
  "peak_fast_bytes": 615680,
  "peak_fast_gib": 0.0005733966827392578,
  "recompute_levels_chosen": 0,
  "recompute_total_options": 0,
  "planning_time_s": 0.022320069023407996,
  "tokens_per_second": 1684210.5263157894
}
