{
  "budget_gib": 12.0,
  "budget_semantics": "device",
  "planned_budget_gib": 7.413416068069637,
  "actual_device_peak_gib": 10.806253910064697,
  "fixed_overhead_gib": 1.47125244140625,
  "torch_scratch_peak_gib": 1.783203125,
  "device_envelope_gib": 12,
  "scratch_reserve_gib": 1.81494140625,
  "placement_mode": "static",
  "extent_budget": false,
  "sim_ms_per_step": 16893.324875,
  "real_ms_per_step_steady": 12846.7265625,
  "sim_tokens_per_s": 3879.4021002333916,
  "real_tokens_per_s": 5101.377357193984,
  "wall_tokens_per_s": 5094.935149112154,
  "real_vs_sim_pct": 31.499061592173593,
  "replay_fidelity_gap_pct": -0.03390783621517765,
  "losses": [
    12.177682876586914,
    12.171863555908203,
    12.178613662719727
  ],
  "peak_fast_gib": 7.398537401109934,
  "peak_backing_gib": 103.21676255017519,
  "pinned_host_gib": 103.21700669825077,
  "step_makespans_ms": [
    13480.865234375,
    12830.8037109375,
    12862.6494140625
  ],
  "step_wall_s": [
    18.454818573081866,
    12.847133192932233,
    12.87880760198459
  ],
  "step_slab_overflows": [
    0,
    0,
    0
  ],
  "placement_extent_gib": 7.551798343658447,
  "placement_escapes": 0,
  "pressure_evictions": 0,
  "placement_overhead": 1.0207150324773002,
  "recompute_chosen": 72,
  "family": "dsv3-mini",
  "config": "dsv3-mini-s4k-bs4ga4",
  "source_summary": "/home/shein/Documents/grad_school/research/dataflow/artifacts/m4/m4-dsv3-mini-s4k-bs4ga4-12dev-rc.summary.json",
  "generated_by": "tools/bench_campaign.py"
}
