{
  "budget_gib": 16.0,
  "budget_semantics": "device",
  "planned_budget_gib": 9.835204313509166,
  "actual_device_peak_gib": 15.904168605804443,
  "envelope_ok": true,
  "fixed_overhead_gib": 1.5048828125,
  "torch_scratch_peak_gib": 3.544921875,
  "device_envelope_gib": 16,
  "scratch_reserve_gib": 3.3798828125,
  "placement_mode": "static",
  "extent_budget": false,
  "sim_ms_per_step": 9720.512603027344,
  "real_ms_per_step_steady": 8586.9833984375,
  "sim_tokens_per_s": 6742.0312771972085,
  "real_tokens_per_s": 7632.0166185397575,
  "wall_tokens_per_s": 7617.762687551447,
  "real_vs_sim_pct": 13.200551951644645,
  "replay_fidelity_gap_pct": 0.8857205277487873,
  "losses": [
    NaN,
    NaN,
    NaN
  ],
  "peak_fast_gib": 9.738515853881836,
  "peak_backing_gib": 108.08691597357392,
  "pinned_host_gib": 110.47583699971437,
  "step_makespans_ms": [
    8778.5693359375,
    8587.498046875,
    8586.46875
  ],
  "step_wall_s": [
    15.153507713926956,
    8.6036471799016,
    8.602454581996426
  ],
  "step_slab_overflows": [
    0,
    0,
    0
  ],
  "placement_extent_gib": 10.854363918304443,
  "placement_escapes": 0,
  "pressure_evictions": 0,
  "placement_overhead": 1.114580915733461,
  "recompute_chosen": 27,
  "family": "dsv32-mini",
  "config": "dsv32-mini-s4k-bs8ga2",
  "source_summary": "/home/shein/Documents/grad_school/research/dataflow/artifacts/bench/bench-dsv32-mini-s4k-bs8ga2-16dev-rc.summary.json",
  "generated_by": "tools/bench_campaign.py"
}
