{
  "config": "8b",
  "steps": 4,
  "pcie": {
    "uni_h2d": 34453,
    "uni_d2h": 55124,
    "bidi_h2d": 24905,
    "bidi_d2h": 25114
  },
  "sweep": [
    {
      "budget_gib": 12.0,
      "sim_ms_per_step": 3872.943455078125,
      "real_ms_per_step_steady": 3624.6578776041665,
      "sim_tokens_per_s": 1057.593545454274,
      "real_tokens_per_s": 1130.037685848404,
      "real_vs_sim_pct": 6.849903793901535,
      "replay_fidelity_gap_pct": 0.6643957960432075,
      "losses": [
        12.543389320373535,
        12.587697982788086,
        12.575100898742676,
        12.575666427612305
      ],
      "peak_fast_gib": 11.978958129882812,
      "step_makespans_ms": [
        3638.927734375,
        3628.623046875,
        3631.301513671875,
        3614.049072265625
      ],
      "step_wall_s": [
        5.925660041975789,
        3.9628982830327004,
        3.966585188987665,
        3.948445664951578
      ],
      "step_slab_overflows": [
        3,
        2,
        0,
        0
      ],
      "recompute_chosen": 0
    }
  ]
}
