{
  "config": "8b",
  "steps": 4,
  "pcie": {
    "uni_h2d": 36377,
    "uni_d2h": 56548,
    "bidi_h2d": 25151,
    "bidi_d2h": 25468
  },
  "sweep": [
    {
      "budget_gib": 8.0,
      "sim_ms_per_step": 3909.6412822265625,
      "real_ms_per_step_steady": 3818.9053548177085,
      "sim_tokens_per_s": 1047.666449252169,
      "real_tokens_per_s": 1072.5586573735652,
      "real_vs_sim_pct": 2.3759669061812927,
      "replay_fidelity_gap_pct": 0.6342928606655948,
      "losses": [
        12.543389320373535,
        12.589900970458984,
        12.575569152832031,
        12.576934814453125
      ],
      "peak_fast_gib": 7.976715087890625,
      "step_makespans_ms": [
        3789.928466796875,
        3811.0595703125,
        3834.10107421875,
        3811.555419921875
      ],
      "step_wall_s": [
        7.29808313306421,
        4.033327194978483,
        4.056951176025905,
        4.034797608037479
      ],
      "step_slab_overflows": [
        2,
        2,
        1,
        0
      ],
      "recompute_chosen": 2
    }
  ]
}
