{
  "config": "8b-s1k-bs8ga8",
  "steps": 3,
  "pcie": {
    "uni_h2d": 35338,
    "uni_d2h": 56756,
    "bidi_h2d": 25529,
    "bidi_d2h": 25783
  },
  "kernel_set": {
    "adamw_step": "triton",
    "ce_loss_fwd_bwd": "triton",
    "rmsnorm_apply": "triton",
    "rmsnorm_bwd": "triton",
    "rmsnorm_fwd": "triton",
    "rmsnorm_noweight": "triton",
    "rope_bwd": "triton",
    "rope_fwd": "triton",
    "swiglu_bwd": "triton",
    "swiglu_fwd_out": "triton"
  },
  "sweep": [
    {
      "budget_gib": 16.0,
      "planned_budget_gib": 16.0,
      "placement_mode": "static",
      "extent_budget": false,
      "sim_ms_per_step": 19083.2078671875,
      "real_ms_per_step_steady": 20372.2841796875,
      "sim_tokens_per_s": 3434.223452163169,
      "real_tokens_per_s": 3216.919586530394,
      "real_vs_sim_pct": -6.327598324910921,
      "replay_fidelity_gap_pct": 0.9478797014864024,
      "losses": [
        12.556785583496094,
        12.588067054748535,
        12.590066909790039
      ],
      "peak_fast_gib": 15.683990482240915,
      "peak_backing_gib": 63.42286682873964,
      "pinned_host_gib": 144.437255859375,
      "step_makespans_ms": [
        20519.744140625,
        20326.955078125,
        20417.61328125
      ],
      "step_wall_s": [
        40.07943141704891,
        20.719588684965856,
        20.816780024091713
      ],
      "step_slab_overflows": [
        0,
        0,
        0
      ],
      "placement_extent_gib": 17.869888305664062,
      "placement_escapes": 0,
      "placement_overhead": 1.139371279643293,
      "recompute_chosen": 128
    }
  ]
}
