{
  "config": "8b-s1k-bs8ga8",
  "steps": 3,
  "pcie": {
    "uni_h2d": 35338,
    "uni_d2h": 56756,
    "bidi_h2d": 25529,
    "bidi_d2h": 25783
  },
  "kernel_set": {
    "adamw_step": "triton",
    "ce_loss_fwd_bwd": "triton",
    "rmsnorm_apply": "triton",
    "rmsnorm_bwd": "triton",
    "rmsnorm_fwd": "triton",
    "rmsnorm_noweight": "triton",
    "rope_bwd": "triton",
    "rope_fwd": "triton",
    "swiglu_bwd": "triton",
    "swiglu_fwd_out": "triton"
  },
  "sweep": [
    {
      "budget_gib": 20.0,
      "planned_budget_gib": 20.0,
      "placement_mode": "static",
      "extent_budget": false,
      "sim_ms_per_step": 19001.7702734375,
      "real_ms_per_step_steady": 20040.8046875,
      "sim_tokens_per_s": 3448.9418121011868,
      "real_tokens_per_s": 3270.128172092641,
      "real_vs_sim_pct": -5.184594282836219,
      "replay_fidelity_gap_pct": 0.7879804698242454,
      "losses": [
        12.556785583496094,
        12.588488578796387,
        12.591450691223145
      ],
      "peak_fast_gib": 19.998687744140625,
      "peak_backing_gib": 60.32904053479433,
      "pinned_host_gib": 144.437255859375,
      "step_makespans_ms": [
        20210.076171875,
        20005.484375,
        20076.125
      ],
      "step_wall_s": [
        39.76119541598018,
        20.403010398964398,
        20.469264148036018
      ],
      "step_slab_overflows": [
        0,
        0,
        0
      ],
      "placement_extent_gib": 22.68359375,
      "placement_escapes": 0,
      "placement_overhead": 1.1343718187460445,
      "recompute_chosen": 128
    }
  ]
}
