{
  "budget_gib": 24.0,
  "budget_semantics": "device",
  "planned_budget_gib": 12.6432089144364,
  "actual_device_peak_gib": 22.234793186187744,
  "envelope_ok": true,
  "fixed_overhead_gib": 1.47113037109375,
  "torch_scratch_peak_gib": 6.8984375,
  "device_envelope_gib": 24,
  "scratch_reserve_gib": 6.509765625,
  "placement_mode": "static",
  "extent_budget": false,
  "sim_ms_per_step": 8544.55121875,
  "real_ms_per_step_steady": 7222.685546875,
  "sim_tokens_per_s": 7669.917157988246,
  "real_tokens_per_s": 9073.63328704724,
  "wall_tokens_per_s": 9053.26132056179,
  "real_vs_sim_pct": 18.301581361892794,
  "replay_fidelity_gap_pct": 1.5569770360619388,
  "losses": [
    NaN,
    NaN,
    NaN
  ],
  "peak_fast_gib": 12.610341310501099,
  "peak_backing_gib": 82.48188328742981,
  "pinned_host_gib": 82.4821274317801,
  "step_makespans_ms": [
    8032.69677734375,
    7220.87841796875,
    7224.49267578125
  ],
  "step_wall_s": [
    9.14162816782482,
    7.237011794000864,
    7.24086478096433
  ],
  "step_slab_overflows": [
    0,
    0,
    0
  ],
  "placement_extent_gib": 13.865225315093994,
  "placement_escapes": 0,
  "pressure_evictions": 0,
  "placement_overhead": 1.0990866586100325,
  "recompute_chosen": 18,
  "family": "dsv32-mini",
  "config": "dsv32-mini-s4k-bs16ga1",
  "source_summary": "/home/shein/Documents/grad_school/research/dataflow/artifacts/bench/bench-dsv32-mini-s4k-bs16ga1-24dev-rc.summary.json",
  "generated_by": "tools/bench_campaign.py"
}
