{
  "budget_gib": 12.0,
  "budget_semantics": "device",
  "planned_budget_gib": 8.26849365234375,
  "vmm": {
    "maps": 464,
    "handle_creates": 475,
    "handle_reflows": 460,
    "prewarmed": 11,
    "slot_adoptions": 1612,
    "t_create_s": 0.0223,
    "t_destroy_s": 0.0322,
    "t_map_s": 0.4241,
    "t_unmap_s": 0.2115,
    "reclaim_drains": 0,
    "peak_mapped_bytes": 8833204224,
    "peak_physical_bytes": 9416212480,
    "pool_bytes": 9416212480
  },
  "actual_device_peak_gib": 11.94976806640625,
  "envelope_ok": true,
  "fixed_overhead_gib": 1.41656494140625,
  "torch_scratch_peak_gib": 1.763671875,
  "device_envelope_gib": 12,
  "scratch_reserve_gib": 1.81494140625,
  "placement_mode": "vmm",
  "extent_budget": false,
  "sim_ms_per_step": 14525.979686523437,
  "real_ms_per_step_steady": 12382.34619140625,
  "sim_tokens_per_s": 4511.640620067878,
  "real_tokens_per_s": 5292.696471811143,
  "wall_tokens_per_s": 5285.62936817554,
  "real_vs_sim_pct": 17.312013910618475,
  "replay_fidelity_gap_pct": 1.912977410449363,
  "losses": [
    NaN,
    NaN,
    NaN
  ],
  "peak_fast_gib": 8.213725566864014,
  "peak_backing_gib": 105.24669051542878,
  "pinned_host_gib": 106.86180354654789,
  "step_makespans_ms": [
    13154.5263671875,
    12389.4970703125,
    12375.1953125
  ],
  "step_wall_s": [
    18.808965543983504,
    12.406053942162544,
    12.391749851871282
  ],
  "step_slab_overflows": [
    0,
    0,
    0
  ],
  "placement_extent_gib": 8.76953125,
  "placement_escapes": 0,
  "pressure_evictions": 0,
  "placement_overhead": 1.0676679149566708,
  "recompute_chosen": 57,
  "family": "glm52-mini",
  "config": "glm52-mini-s4k-bs4ga4",
  "source_summary": "/home/shein/Documents/grad_school/research/dataflow/artifacts/bench/bench-glm52-mini-s4k-bs4ga4-12dev-rc-vmm.summary.json",
  "generated_by": "tools/bench_campaign.py"
}
