{
  "budget_gib": 20.0,
  "budget_semantics": "device",
  "planned_budget_gib": 14.303552246652544,
  "vmm": {
    "maps": 399,
    "handle_creates": 412,
    "handle_reflows": 395,
    "prewarmed": 18,
    "slot_adoptions": 558,
    "t_create_s": 0.023,
    "t_destroy_s": 0.0586,
    "t_map_s": 0.5274,
    "t_unmap_s": 0.2684,
    "reclaim_drains": 0,
    "peak_mapped_bytes": 15072231424,
    "peak_physical_bytes": 15888023552,
    "pool_bytes": 15896412160
  },
  "actual_device_peak_gib": 19.70562744140625,
  "envelope_ok": true,
  "fixed_overhead_gib": 1.41656494140625,
  "torch_scratch_peak_gib": 3.484375,
  "device_envelope_gib": 20,
  "scratch_reserve_gib": 3.3798828125,
  "placement_mode": "vmm",
  "extent_budget": false,
  "sim_ms_per_step": 9078.679453125,
  "real_ms_per_step_steady": 8178.0810546875,
  "sim_tokens_per_s": 7218.6709904645495,
  "real_tokens_per_s": 8013.615854594175,
  "wall_tokens_per_s": 7997.959852432923,
  "real_vs_sim_pct": 11.012343756623654,
  "replay_fidelity_gap_pct": 2.8804414567602077,
  "losses": [
    NaN,
    NaN,
    NaN
  ],
  "peak_fast_gib": 14.030893564224243,
  "peak_backing_gib": 103.3467354811728,
  "pinned_host_gib": 111.57647181302309,
  "step_makespans_ms": [
    8968.4853515625,
    8183.80859375,
    8172.353515625
  ],
  "step_wall_s": [
    15.48051254497841,
    8.199912447948009,
    8.188266840064898
  ],
  "step_slab_overflows": [
    0,
    0,
    0
  ],
  "placement_extent_gib": 14.8046875,
  "placement_escapes": 0,
  "pressure_evictions": 0,
  "placement_overhead": 1.0551492983845852,
  "recompute_chosen": 22,
  "family": "dsv32-mini",
  "config": "dsv32-mini-s4k-bs8ga2",
  "source_summary": "/home/shein/Documents/grad_school/research/dataflow/artifacts/bench/bench-dsv32-mini-s4k-bs8ga2-20dev-rc-vmm.summary.json",
  "generated_by": "tools/bench_campaign.py"
}
