{
  "budget_gib": 20.0,
  "budget_semantics": "device",
  "planned_budget_gib": 11.422083928249776,
  "actual_device_peak_gib": 19.963672161102295,
  "envelope_ok": true,
  "fixed_overhead_gib": 1.41815185546875,
  "torch_scratch_peak_gib": 6.5859375,
  "device_envelope_gib": 20,
  "scratch_reserve_gib": 6.509765625,
  "placement_mode": "static",
  "extent_budget": false,
  "sim_ms_per_step": 4506.310528320312,
  "real_ms_per_step_steady": 4423.306396484375,
  "sim_tokens_per_s": 14543.16110444079,
  "real_tokens_per_s": 14816.066111108135,
  "wall_tokens_per_s": 14792.757938233166,
  "real_vs_sim_pct": 1.876517799036237,
  "replay_fidelity_gap_pct": 0.4721413778576415,
  "losses": [
    11.233707427978516,
    11.232542991638184,
    11.240716934204102
  ],
  "peak_fast_gib": 11.350902557373047,
  "peak_backing_gib": 38.6640739440918,
  "pinned_host_gib": 38.66431808844209,
  "step_makespans_ms": [
    4761.91552734375,
    4422.59033203125,
    4424.0224609375
  ],
  "step_wall_s": [
    4.778589980909601,
    4.42953373095952,
    4.431018205825239
  ],
  "step_slab_overflows": [
    0,
    0,
    0
  ],
  "placement_extent_gib": 11.959582805633545,
  "placement_escapes": 0,
  "pressure_evictions": 0,
  "placement_overhead": 1.0536239515037618,
  "recompute_chosen": 15,
  "plan_path": "results/bench/olmoe-r4/raw/olmoe-shaped-16L-d2048-s1024-b64-r1-steps1-11.4221gib.annotated.json",
  "webapp_path": "results/bench/olmoe-r4/raw/olmoe-shaped-16L-d2048-s1024-b64-r1-steps1-11.4221gib.webapp.json",
  "family": "olmoe-7b",
  "config": "olmoe-7b-s1k-bs64ga1",
  "source_summary": "results/bench/olmoe-r4/raw/bench-olmoe-7b-s1k-bs64ga1-20dev-rc.summary.json",
  "generated_by": "tools/bench_campaign.py"
}
