{
  "budget_gib": 24.0,
  "budget_semantics": "device",
  "planned_budget_gib": 13.90030514728278,
  "actual_device_peak_gib": 23.5103120803833,
  "envelope_ok": true,
  "fixed_overhead_gib": 1.41693115234375,
  "torch_scratch_peak_gib": 6.76171875,
  "device_envelope_gib": 24,
  "scratch_reserve_gib": 6.509765625,
  "placement_mode": "static",
  "extent_budget": false,
  "sim_ms_per_step": 4164.589884765625,
  "real_ms_per_step_steady": 4160.37060546875,
  "sim_tokens_per_s": 15736.483498587819,
  "real_tokens_per_s": 15752.442802536347,
  "wall_tokens_per_s": 15726.465515410171,
  "real_vs_sim_pct": 0.10141594816885924,
  "replay_fidelity_gap_pct": 0.7560302435004131,
  "losses": [
    9.599662780761719,
    9.661940574645996,
    9.68313980102539
  ],
  "peak_fast_gib": 13.755967140197754,
  "peak_backing_gib": 63.32130718231201,
  "pinned_host_gib": 63.3215513266623,
  "step_makespans_ms": [
    4171.8583984375,
    4172.32470703125,
    4148.41650390625
  ],
  "step_wall_s": [
    8.8146942271851,
    4.179273358080536,
    4.15521221794188
  ],
  "step_slab_overflows": [
    0,
    0,
    0
  ],
  "placement_extent_gib": 15.33166217803955,
  "placement_escapes": 0,
  "pressure_evictions": 0,
  "placement_overhead": 1.1149420906978207,
  "recompute_chosen": 8,
  "plan_path": "results/bench/olmoe-r4/raw/olmoe-shaped-16L-d2048-s1024-b64-r1-steps1-13.9003gib.annotated.json",
  "webapp_path": "results/bench/olmoe-r4/raw/olmoe-shaped-16L-d2048-s1024-b64-r1-steps1-13.9003gib.webapp.json",
  "family": "olmoe-7b",
  "config": "olmoe-7b-s1k-bs64ga1",
  "source_summary": "results/bench/olmoe-r4/raw/bench-olmoe-7b-s1k-bs64ga1-16_20_24_28dev-rc.summary.json",
  "generated_by": "tools/bench_campaign.py"
}
